{
  "n_active": 5256,
  "n_counties": 7,
  "total_population": 881968,
  "total_revenue": 6526317661.0,
  "total_assets": 26192938020.0,
  "n_reporting_revenue": 1540,
  "n_human_services": 768,
  "hs_share": 0.1461187214611872,
  "region_orgs_per_10k": 59.59399887524264,
  "spokane_orgs": 2947,
  "spokane_per_10k": 54.14064810783303,
  "median_poverty_rate": 12.9,
  "n_filers": 502,
  "median_margin": 0.049998621911295546,
  "median_months_reserves": 10.575550043506663,
  "pct_negative_margin": 0.33266932270916333,
  "pct_low_reserves": 0.1952191235059761
}